가곡고등학교,강원,K100000350
가락고등학교,서울,B100000370
가림고등학교,인천,E100001696
가야고등학교,부산,C100000338
가온고등학교,경기,J100000689
가운고등학교,경기,J100005898
가은고등학교,경북,R100000712
가재울고등학교,서울,B100005591
가정고등학교,인천,E100000181
가좌고등학교,인천,E100001709
가좌고등학교,경기,J100005380
가천고등학교,경북,R100000713
가평고등학교,경기,J100000445
간동고등학교,강원,K100000351
간디고등학교,경남,S100003068
갈매고등학교,경기,J100006906
갈산고등학교,충남,N100000123
감천고등학교,경북,R100000714
감포고등학교,경북,R100000715
갑천고등학교,강원,K100000352
강경고등학교,충남,N100000124
강경상업고등학교,충남,N100000126
강구정보고등학교,경북,R100000716
강남영상미디어고등학교,인천,E100000182
강동고등학교,서울,B100000371
강동고등학교,대구,D100001667
강릉고등학교,강원,K100000354
강릉명륜고등학교,강원,K100000356
강릉문성고등학교,강원,K100000357
강릉여자고등학교,강원,K100000360
강릉정보공업고등학교,강원,K100000362
강릉제일고등학교,강원,K100000363
강릉중앙고등학교,강원,K100000355
강북고등학교,대구,D100000243
강서고등학교,서울,B100000372
강서공업고등학교,서울,B100000578
강원고등학교,강원,K100000364
강원과학고등학교,강원,K100000365
강원대학교사범대학부설고등학교,강원,A000003488
강원생활과학고등학교,강원,K100000533
강원애니고등학교,강원,K100003814
강원예술고등학교,강원,K100000368
강원외국어고등학교,강원,K100003837
강원체육고등학교,강원,K100000370
강일고등학교,서울,B100005522
강일여자고등학교,강원,K100000371
강진고등학교,전남,Q100000162
강호항공고등학교,전북,P100000299
강화고등학교,인천,E100000183
강화여자고등학교,인천,E100000184
개금고등학교,부산,C100000339
개성고등학교,부산,C100000452
개포고등학교,서울,B100000373
거제고등학교,경남,S100000464
거제공업고등학교,경남,S100000465
거제상문고등학교,경남,S100003460
거제여자상업고등학교,경남,S100000467
거제옥포고등학교,경남,S100003299
거제제일고등학교,경남,S100000468
거제중앙고등학교,경남,S100000470
거진정보공업고등학교,강원,K100000374
거창고등학교,경남,S100000472
거창공업고등학교,경남,S100000462
거창대성고등학교,경남,S100000473
거창여자고등학교,경남,S100000478
거창중앙고등학교,경남,S100000480
건국고등학교,부산,C100000340
건국대학교사범대학부속고등학교,서울,B100000374
건양대학교병설건양고등학교,충남,N100000128
검단고등학교,인천,E100000186
경구고등학교,경북,R100000718
경기경영고등학교,경기,J100000790
경기고등학교,서울,B100000375
경기과학고등학교,경기,J100000447
경기관광고등학교,경기,J100000811
경기국제통상고등학교,경기,J100000577
경기글로벌통상고등학교,경기,J100000476
경기기계공업고등학교,서울,B100000579
경기대명고등학교,경기,J100000448
경기모바일과학고등학교,경기,J100000558
경기물류고등학교,경기,J100000699
경기북과학고등학교,경기,J100005167
경기상업고등학교,서울,B100000603
경기세무고등학교,경기,J100000784
경기여자고등학교,서울,B100000376
경기여자상업고등학교,서울,B100000604
경기영상과학고등학교,경기,J100000798
경기예술고등학교,경기,J100004832
경기외국어고등학교,경기,J100005040
경기자동차과학고등학교,경기,J100000859
경기창조고등학교,경기,J100005831
경기체육고등학교,경기,J100000449
경남간호고등학교,경남,S100000609
경남고등학교,부산,C100000342
경남공업고등학교,부산,C100000344
경남과학고등학교,경남,S100000481
경남관광고등학교,경남,S100000700
경남로봇고등학교,경남,S100000725
경남산업고등학교,경남,S100000469
경남여자고등학교,부산,C100000346
경남예술고등학교,경남,S100000485
경남외국어고등학교,경남,S100000486
경남자동차고등학교,경남,S100000532
경남자영고등학교,경남,S100000487
경남정보고등학교,경남,S100000489
경남체육고등학교,경남,S100000490
경남항공고등학교,경남,S100000491
경남해양과학고등학교,경남,S100000523
경덕공업고등학교,대전,G100000164
경덕여자고등학교,대구,D100000244
경동고등학교,서울,B100000377
경명여자고등학교,대구,D100000245
경문고등학교,서울,B100000378
경민IT고등학교,경기,J100000455
경민고등학교,경기,J100000451
경민비즈니스고등학교,경기,J100000453
경복고등학교,서울,B100000379
경복비즈니스고등학교,서울,B100000628
경복여자고등학교,서울,B100000380
경북간호고등학교,경북,R100000956
경북고등학교,대구,D100000246
경북공업고등학교,대구,D100000248
경북과학고등학교,경북,R100000719
경북과학기술고등학교,경북,R100000882
경북관광고등학교,경북,R100005950
경북기계공업고등학교,대구,D100000249
경북기계금속고등학교,경북,R100000729
경북대학교사범대학부설고등학교,대구,A000003490
경북생활과학고등학교,경북,R100000720
경북여자고등학교,대구,D100000252
경북여자상업고등학교,대구,D100000255
경북예술고등학교,대구,D100000256
경북외국어고등학교,경북,R100000721
경북인터넷고등학교,경북,R100000722
경북체육고등학교,경북,R100000723
경북하이텍고등학교,경북,R100000893
경북항공고등학교,경북,R100000914
경산고등학교,경북,R100000724
경산과학고등학교,경북,R100006281
경산여자고등학교,경북,R100000726
경산여자상업고등학교,경북,R100000728
경상고등학교,대구,D100000257
경상고등학교,경남,S100000492
경상공업고등학교,대구,D100000258
경상대학교사범대학부설고등학교,경남,A000003495
경상여자고등학교,대구,D100000260
경성고등학교,서울,B100000381
경성전자고등학교,부산,C100000349
경신고등학교,서울,B100000382
경신고등학교,대구,D100000262
경안고등학교,경기,J100000457
경안고등학교,경북,R100000730
경안여자고등학교,경북,R100000732
경원고등학교,부산,C100000350
경원고등학교,대구,D100000265
경인고등학교,서울,B100000383
경일고등학교,서울,B100005209
경일고등학교,부산,C100000352
경일고등학교,경북,R100000733
경일관광경영고등학교,경기,J100000458
경일여자고등학교,대구,D100000266
경주고등학교,경북,R100000734
경주공업고등학교,경북,R100000735
경주디자인고등학교,경북,R100000736
경주마케팅고등학교,경북,R100000831
경주여자고등학교,경북,R100000738
경주여자정보고등학교,경북,R100000740
경주정보고등학교,경북,R100000741
경주화랑고등학교,경북,R100000743
경진고등학교,경남,S100000607
경포고등학교,강원,K100000375
경해여자고등학교,경남,S100000493
경혜여자고등학교,부산,C100000353
경호고등학교,경남,S100000494
경화여자English Business고등학교,경기,J100005820
경화여자고등학교,대구,D100000268
경화여자고등학교,경기,J100000460
경희고등학교,서울,B100000384
경희여자고등학교,서울,B100000385
계남고등학교,경기,J100000463
계룡고등학교,충남,N100002546
계룡디지텍고등학교,대전,G100000165
계림고등학교,경북,R100000746
계산고등학교,인천,E100000188
계산공업고등학교,인천,E100000189
계산여자고등학교,인천,E100000190
계성고등학교,서울,B100000386
계성고등학교,대구,D100000271
계성여자상업고등학교,부산,C100000356
계양고등학교,인천,E100000191
계원예술고등학교,경기,J100000466
고금고등학교,전남,Q100000164
고려고등학교,광주,F100000088
고려대학교사범대학부속고등학교,서울,B100000387
고령고등학교,경북,R100000748
고림고등학교,경기,J100006924
고명경영고등학교,서울,B100000629
고산고등학교,전북,P100000300
고색고등학교,경기,J100005653
고성고등학교,강원,K100000376
고성고등학교,경남,S100000495
고성중앙고등학교,경남,S100000500
고양고등학교,경기,J100000470
고양국제고등학교,경기,J100006561
고양동산고등학교,경기,J100006624
고양예술고등학교,경기,J100005418
고양외국어고등학교,경기,J100000469
고양일고등학교,경기,J100005599
고운고등학교,세종,I100000145
고잔고등학교,경기,J100000471
고창고등학교,전북,P100000301
고창북고등학교,전북,P100000303
고창여자고등학교,전북,P100000304
고척고등학교,서울,B100000388
고한고등학교,강원,K100000379
고흥고등학교,전남,Q100000165
고흥도화고등학교,전남,Q100000167
고흥산업과학고등학교,전남,Q100000169
고흥영주고등학교,전남,Q100000170
곡성고등학교,전남,Q100003932
곡정고등학교,경기,J100006703
곤양고등학교,경남,S100000502
곤지암고등학교,경기,J100000492
공동체비전고등학교,충남,N100002528
공주고등학교,충남,N100000131
공주금성여자고등학교,충남,N100000133
공주대학교사범대학부설고등학교,충남,A000003496
공주마이스터고등학교,충남,N100000132
공주생명과학고등학교,충남,N100000134
공주여자고등학교,충남,N100000135
공주영명고등학교,충남,N100000137
공주정보고등학교,충남,N100000138
공항고등학교,서울,B100000389
과천고등학교,경기,J100000472
과천여자고등학교,경기,J100000473
과천외국어고등학교,경기,J100000474
과천중앙고등학교,경기,J100000475
관악고등학교,서울,B100000390
관양고등학교,경기,J100000477
관인고등학교,경기,J100000478
광교고등학교,경기,J100005984
광남고등학교,서울,B100000391
광남고등학교,경기,J100005675
광남고등학교,전남,Q100000173
광덕고등학교,광주,F100000089
광덕고등학교,경기,J100005676
광동고등학교,경기,J100000479
광명경영회계고등학교,경기,J100000488
광명고등학교,부산,C100000357
광명고등학교,경기,J100000482
광명공업고등학교,경기,J100000483
광명북고등학교,경기,J100000484
광문고등학교,서울,B100000392
광문고등학교,경기,J100000489
광성고등학교,서울,B100000393
광성고등학교,인천,E100000192
광신고등학교,서울,B100000394
광신정보산업고등학교,서울,B100000631
광양고등학교,서울,B100000395
광양고등학교,전남,Q100000174
광양백운고등학교,전남,Q100000195
광양여자고등학교,전남,Q100000176
광양제철고등학교,전남,Q100000177
광양하이텍고등학교,전남,Q100000175
광영고등학교,서울,B100000396
광영고등학교,전남,Q100005379
광영여자고등학교,서울,B100000397
광운전자공업고등학교,서울,B100000580
광일고등학교,광주,F100000092
광주경신여자고등학교,광주,F100000093
광주고등학교,광주,F100000094
광주고등학교,경기,J100000490
광주공업고등학교,광주,F100000097
광주과학고등학교,광주,F100000096
광주대동고등학교,광주,F100000100
광주동성고등학교,광주,F100000101
광주동신고등학교,광주,F100000102
광주동신여자고등학교,광주,F100000103
광주서석고등학교,광주,F100000107
광주석산고등학교,광주,F100000108
광주소프트웨어마이스터고등학교,광주,F100000120
광주수피아여자고등학교,광주,F100000109
광주숭일고등학교,광주,F100000110
광주여자고등학교,광주,F100000112
광주여자상업고등학교,광주,F100000114
광주예술고등학교,광주,F100000116
광주인성고등학교,광주,F100000118
광주자동화설비공업고등학교,광주,F100000122
광주자연과학고등학교,광주,F100000119
광주전자공업고등학교,광주,F100000121
광주제일고등학교,광주,F100000123
광주중앙고등학교,경기,J100000493
광주진흥고등학교,광주,F100000126
광주체육고등학교,광주,F100000127
광천고등학교,충남,N100000139
광천제일고등학교,충남,N100000143
광탄고등학교,경기,J100000494
광혜원고등학교,충북,M100000129
광휘고등학교,경기,J100006645
괴산고등학교,충북,M100000130
교동고등학교,인천,E100000194
교하고등학교,경기,J100004922
구남보건고등학교,대구,D100000274
구덕고등학교,부산,C100000359
구례고등학교,전남,Q100000178
구로고등학교,서울,B100000398
구리고등학교,경기,J100000496
구리여자고등학교,경기,J100000497
구림공업고등학교,전남,Q100000180
구미고등학교,경북,R100000753
구미여자고등학교,경북,R100000756
구미여자상업고등학교,경북,R100000759
구미전자공업고등학교,경북,A000003539
구미정보고등학교,경북,R100000758
구산고등학교,경남,S100003464
구성고등학교,경기,J100004901
구암고등학교,서울,B100005528
구암고등학교,대구,D100000275
구일고등학교,서울,B100000399
구현고등학교,서울,B100005501
국립국악고등학교,서울,A000003540
국립전통예술고등학교,서울,A000005401
국원고등학교,충북,M100000245
국제고등학교,광주,F100000128
군북고등학교,경남,S100000505
군산고등학교,전북,P100000305
군산기계공업고등학교,전북,P100000306
군산남고등학교,전북,P100000307
군산동고등학교,전북,P100000308
군산상업고등학교,전북,P100000309
군산여자고등학교,전북,P100000310
군산여자상업고등학교,전북,P100000311
군산영광여자고등학교,전북,P100000312
군산제일고등학교,전북,P100000313
군산중앙고등학교,전북,P100000314
군산중앙여자고등학교,전북,P100000315
군서고등학교,경기,J100004910
군위고등학교,경북,R100000762
군위정보고등학교,경북,R100000947
군자공업고등학교,경기,J100000499
군포e비즈니스고등학교,경기,J100000504
군포고등학교,경기,J100000502
군포중앙고등학교,경기,J100006521
권선고등학교,경기,J100000505
근명여자정보고등학교,경기,J100000507
근화여자고등학교,경북,R100000764
금곡고등학교,부산,C100001836
금곡고등학교,경기,J100000508
금남고등학교,경남,S100000506
금명여자고등학교,부산,C100001999
금산고등학교,충남,N100000144
금산산업고등학교,충남,N100000146
금산여자고등학교,충남,N100000147
금산하이텍고등학교,충남,N100000236
금성고등학교,부산,C100000362
금성고등학교,전남,Q100000182
금성고등학교,경북,R100000765
금성여자상업고등학교,경북,R100000767
금오고등학교,경북,R100000768
금오공업고등학교,경북,R100000769
금오여자고등학교,경북,R100000770
금옥여자고등학교,서울,B100000401
금정고등학교,부산,C100000364
금정여자고등학교,부산,C100000365
금정전자공업고등학교,부산,C100000367
금천고등학교,서울,B100000402
금천고등학교,충북,M100000136
금천고등학교,경북,R100000771
금촌고등학교,경기,J100005169
금파공업고등학교,광주,F100000129
금호고등학교,서울,B100006381
금호고등학교,광주,F100000131
금호공업고등학교,경북,R100000773
금호중앙여자고등학교,광주,F100000125
기계고등학교,경북,R100000775
기린고등학교,강원,K100000381
기장고등학교,부산,C100000368
기흥고등학교,경기,J100000509
길원여자고등학교,경북,R100000776
김제고등학교,전북,P100000317
김제농생명마이스터고등학교,전북,P100000323
김제서고등학교,전북,P100000321
김제여자고등학교,전북,P100000322
김천고등학교,경북,R100000777
김천상업고등학교,경북,R100000780
김천생명과학고등학교,경북,R100000778
김천여자고등학교,경북,R100000781
김천예술고등학교,경북,R100000782
김천중앙고등학교,경북,R100000783
김포고등학교,경기,J100000510
김포외국어고등학교,경기,J100005292
김포제일고등학교,경기,J100006814
김포제일공업고등학교,경기,J100000511
김해가야고등학교,경남,S100000508
김해건설공업고등학교,경남,S100000509
김해경원고등학교,경남,S100000510
김해고등학교,경남,S100000511
김해대청고등학교,경남,S100003212
김해분성고등학교,경남,S100003211
김해분성여자고등학교,경남,S100003243
김해삼문고등학교,경남,S100003244
김해삼방고등학교,경남,S100003328
김해생명과학고등학교,경남,S100000512
김해수남고등학교,경남,S100003884
김해여자고등학교,경남,S100000513
김해영운고등학교,경남,S100003279
김해외국어고등학교,경남,S100003280
김해율하고등학교,경남,S100003454
김해임호고등학교,경남,S100003463
김해제일고등학교,경남,S100003429
김해중앙여자고등학교,경남,S100000515
김해한일여자고등학교,경남,S100000516
김화고등학교,강원,K100000382
김화공업고등학교,강원,K100000383
나루고등학교,경기,J100005655
나주고등학교,전남,Q100000184
나주공업고등학교,전남,Q100000185
나주상업고등학교,전남,Q100000186
낙동고등학교,부산,C100000370
낙생고등학교,경기,J100000515
남강고등학교,서울,B100000403
남녕고등학교,제주,T100000130
남대전고등학교,대전,G100000166
남목고등학교,울산,H100000550
남산고등학교,부산,C100000371
남성고등학교,전북,P100000324
남성여자고등학교,부산,C100000372
남악고등학교,전남,Q100005325
남양고등학교,경기,J100000518
남양주공업고등학교,경기,J100000519
남원고등학교,전북,P100000325
남원국악예술고등학교,전북,P100000332
남원서진여자고등학교,전북,P100000328
남원여자고등학교,전북,P100000329
남원용성고등학교,전북,P100000326
남원제일고등학교,전북,P100000331
남주고등학교,제주,T100000131
남지고등학교,경남,S100000519
남창고등학교,울산,H100000081
남한고등학교,경기,J100000520
남해고등학교,경남,S100000521
남해정보산업고등학교,경남,S100000525
남해제일고등학교,경남,S100000526
남해해성고등학교,경남,S100000528
내면고등학교,강원,K100000386
내성고등학교,부산,C100000373
노원고등학교,서울,B100000404
노화고등학교,전남,Q100000187
녹동고등학교,전남,Q100000166
논산고등학교,충남,N100000149
논산공업고등학교,충남,N100000150
논산대건고등학교,충남,N100000151
논산여자고등학교,충남,N100000152
논산여자상업고등학교,충남,N100000153
누원고등학교,서울,B100005181
늘푸른고등학교,경기,J100004897
능곡고등학교,경기,J100000521
능동고등학교,경기,J100005808
능인고등학교,대구,D100000277
능주고등학교,전남,Q100000188
다대고등학교,부산,C100000374
다사고등학교,대구,D100000278
다산고등학교,경기,J100000765
다운고등학교,울산,H100000548
다인정보고등학교,경북,R100000788
다향고등학교,전남,Q100000226
단국공업고등학교,서울,B100000581
단국대학교사범대학부속고등학교,서울,B100000405
단성고등학교,경남,S100000529
단양고등학교,충북,M100000138
단원고등학교,경기,J100004909
달구벌고등학교,대구,D100001702
달서고등학교,대구,D100000280
달성고등학교,대구,D100000281
달천고등학교,울산,H100000659
담양고등학교,전남,Q100000189
담양공업고등학교,전남,Q100000190
당곡고등학교,서울,B100000406
당진고등학교,충남,N100000154
당진정보고등학교,충남,N100000157
대가야고등학교,경북,R100000790
대건고등학교,대구,D100000283
대경상업고등학교,서울,B100000633
대곡고등학교,대구,D100001659
대곡고등학교,경남,S100000531
대광고등학교,서울,B100000407
대광발명과학고등학교,부산,C100000375
대광여자고등학교,광주,F100000133
대구가톨릭대학교사범대학부속무학고등학교,경북,R100000791
대구고등학교,대구,D100000284
대구공업고등학교,대구,D100000286
대구과학고등학교,대구,D100000288
대구관광고등학교,대구,D100000305
대구남산고등학교,대구,D100000289
대구농업마이스터고등학교,대구,D100000303
대구달서공업고등학교,대구,D100000291
대구동부고등학교,대구,D100000293
대구상원고등학교,대구,D100000295
대구서부고등학교,대구,D100000296
대구서부공업고등학교,대구,D100000297
대구소프트웨어고등학교,대구,D100000282
대구여자고등학교,대구,D100000300
대구여자상업고등학교,대구,D100000299
대구외국어고등학교,대구,D100000302
대구일과학고등학교,대구,D100001936
대구일마이스터고등학교,대구,D100000292
대구전자공업고등학교,대구,D100000304
대구제일고등학교,대구,D100000306
대구제일여자상업고등학교,대구,D100000308
대구중앙고등학교,대구,D100000348
대구체육고등학교,대구,D100001658
대구혜화여자고등학교,대구,D100000309
대기고등학교,제주,T100000132
대덕고등학교,대전,G100000167
대덕소프트웨어마이스터고등학교,대전,G100000170
대덕여자고등학교,부산,C100000376
대동고등학교,부산,C100000377
대동고등학교,경북,R100000793
대동세무고등학교,서울,B100000634
대륜고등학교,대구,D100000310
대명여자고등학교,부산,C100000378
대부고등학교,경기,J100000524
대산고등학교,충남,N100002600
대성고등학교,서울,B100000408
대성고등학교,강원,K100000389
대성여자고등학교,광주,F100000134
대성여자상업고등학교,충북,M100000141
대성일고등학교,경남,S100000475
대소금왕고등학교,충북,M100002081
대송고등학교,울산,H100000083
대신고등학교,서울,B100000409
대신고등학교,경기,J100000525
대아고등학교,경남,S100000536
대양전자통신고등학교,부산,C100000380
대연고등학교,부산,C100000381
대영고등학교,서울,B100000410
대영고등학교,경북,R100000794
대원고등학교,서울,B100000411
대원고등학교,대구,D100000314
대원여자고등학교,서울,B100000412
대원외국어고등학교,서울,B100000571
대인고등학교,인천,E100000198
대일고등학교,서울,B100000413
대일관광고등학교,서울,B100000635
대일외국어고등학교,서울,B100000572
대전가오고등학교,대전,G100001145
대전고등학교,대전,G100000174
대전공업고등학교,대전,G100000176
대전과학고등학교,대전,G100000177
대전관저고등학교,대전,G100000178
대전괴정고등학교,대전,G100001086
대전구봉고등학교,대전,G100001049
대전국제통상고등학교,대전,G100000198
대전노은고등학교,대전,G100000180
대전대성고등학교,대전,G100000171
대전대성여자고등학교,대전,G100000173
대전대신고등학교,대전,G100000181
대전도안고등학교,대전,G100001274
대전동산고등학교,대전,G100000182
대전동신과학고등학교,대전,G100000208
대전둔산여자고등학교,대전,G100000184
대전둔원고등학교,대전,G100000185
대전만년고등학교,대전,G100000186
대전반석고등학교,대전,G100001048
대전복수고등학교,대전,G100001177
대전성모여자고등학교,대전,G100000191
대전송촌고등학교,대전,G100000192
대전신일여자고등학교,대전,G100000193
대전여자고등학교,대전,G100000194
대전여자상업고등학교,대전,G100000197
대전예술고등학교,대전,G100000199
대전외국어고등학교,대전,G100000200
대전용산고등학교,대전,G100001112
대전이문고등학교,대전,G100000213
대전전민고등학교,대전,G100001085
대전전자디자인고등학교,대전,G100000201
대전제일고등학교,대전,G100000187
대전중앙고등학교,대전,G100000202
대전지족고등학교,대전,G100001089
대전체육고등학교,대전,G100000204
대전한빛고등학교,대전,G100000205
대정고등학교,제주,T100000122
대정여자고등학교,제주,T100000123
대중금속공업고등학교,대구,D100000312
대지고등학교,경기,J100005458
대진고등학교,서울,B100000414
대진고등학교,대구,D100001756
대진고등학교,강원,K100000390
대진디자인고등학교,서울,B100000416
대진여자고등학교,서울,B100000415
대진전자통신고등학교,부산,C100000387
대창고등학교,경북,R100000797
대천고등학교,충남,N100000158
대천여자고등학교,충남,N100000160
대천여자상업고등학교,충남,N100000161
대청고등학교,인천,E100000200
대평고등학교,경기,J100000527
대현고등학교,울산,H100000563
대화고등학교,경기,J100005905
대화고등학교,강원,K100000391
대흥고등학교,충남,N100000162
덕계고등학교,경기,J100004908
덕문고등학교,부산,C100000390
덕문여자고등학교,부산,C100000391
덕산고등학교,경기,J100000528
덕산고등학교,충남,N100000163
덕산고등학교,경남,S100000539
덕성여자고등학교,서울,B100000417
덕소고등학교,경기,J100000529
덕수고등학교,서울,B100000636
덕신고등학교,인천,E100000202
덕암고등학교,전북,P100000333
덕암정보고등학교,전북,P100000334
덕원고등학교,대구,D100000313
덕원여자고등학교,서울,B100000418
덕원예술고등학교,서울,B100000622
덕이고등학교,경기,J100006518
덕일전자공업고등학교,서울,B100000582
덕적고등학교,인천,E100000203
덕정고등학교,경기,J100000532
덕현고등학교,경기,J100005796
데레사여자고등학교,부산,C100000393
도개고등학교,경북,R100000798
도계고등학교,강원,K100000393
도계전산정보고등학교,강원,K100000394
도농고등학교,경기,J100004914
도담고등학교,세종,I100000119
도당고등학교,경기,J100000533
도래울고등학교,경기,J100006764
도림고등학교,인천,E100001742
도봉고등학교,서울,B100005206
도선고등학교,서울,B100006382
도원고등학교,대구,D100001662
도초고등학교,전남,Q100000194
도화기계공업고등학교,인천,E100000253
독산고등학교,서울,B100000419
돌마고등학교,경기,J100004768
동계고등학교,전북,P100000336
동광고등학교,경기,J100000622
동광산업과학고등학교,강원,K100000398
동구마케팅고등학교,서울,B100000605
동국대학교사범대학부속고등학교,서울,B100000420
동국대학교사범대학부속금산고등학교,전북,P100000316
동국대학교사범대학부속여자고등학교,서울,B100000433
동국대학교사범대학부속영석고등학교,경기,J100000733
동남고등학교,경기,J100000534
동대전고등학교,대전,G100000206
동덕여자고등학교,서울,B100000421
동두천고등학교,경기,J100000536
동두천외국어고등학교,경기,J100005168
동두천중앙고등학교,경기,J100000539
동래고등학교,부산,C100000394
동래여자고등학교,부산,C100000397
동래원예고등학교,부산,C100000399
동명고등학교,광주,F100000135
동명고등학교,경북,R100000802
동명여자고등학교,서울,B100000422
동명여자정보산업고등학교,서울,B100000638
동문고등학교,대구,D100001668
동방고등학교,대전,G100000207
동백고등학교,경기,J100005488
동북고등학교,서울,B100000423
동산고등학교,인천,E100000204
동산정보산업고등학교,서울,B100000651
동성고등학교,서울,B100000424
동아고등학교,부산,C100000406
동아공업고등학교,부산,C100000407
동아마이스터고등학교,대전,G100000183
동아여자고등학교,광주,F100000136
동안고등학교,경기,J100000541
동암고등학교,전북,P100000337
동양고등학교,서울,B100000584
동우여자고등학교,경기,J100000542
동원고등학교,경기,J100000543
동원고등학교,경남,S100000717
동의공업고등학교,부산,C100000409
동인고등학교,부산,C100000410
동인천고등학교,인천,E100000205
동일공업고등학교,경기,J100000544
동일미래과학고등학교,광주,F100000137
동일여자고등학교,서울,B100000425
동일여자상업고등학교,서울,B100000426
동작고등학교,서울,B100000427
동주여자고등학교,부산,C100000411
동지고등학교,경북,R100000805
동지여자고등학교,경북,R100000806
동천고등학교,부산,C100000412
동탄고등학교,경기,J100005459
동탄국제고등학교,경기,J100006577
동탄중앙고등학교,경기,J100006812
동패고등학교,경기,J100005899
동해광희고등학교,강원,K100000400
동해삼육고등학교,강원,K100000401
동해상업고등학교,강원,K100000402
동화고등학교,경기,J100000545
두레자연고등학교,경기,J100000546
두루고등학교,세종,I100000156
두원공업고등학교,경기,J100000685
두호고등학교,경북,R100006137
둔내고등학교,강원,K100000404
둔촌고등학교,서울,B100000428
등촌고등학교,서울,B100005208
리라아트고등학교,서울,B100000656
마령고등학교,전북,P100000338
마산가포고등학교,경남,S100000544
마산고등학교,경남,S100000546
마산공업고등학교,경남,S100000548
마산구암고등학교,경남,S100000549
마산내서여자고등학교,경남,S100003242
마산무학여자고등학교,경남,S100000550
마산삼진고등학교,경남,S100000551
마산여자고등학교,경남,S100000553
마산용마고등학교,경남,S100000556
마산제일고등학교,경남,S100000559
마산제일여자고등학교,경남,S100000560
마산중앙고등학교,경남,S100000561
마석고등학교,경기,J100005800
마송고등학교,경기,J100005811
마장고등학교,경기,J100000548
마차고등학교,강원,K100000406
마포고등학교,서울,B100000429
만경고등학교,전북,P100000339
만경여자고등학교,전북,P100000340
만덕고등학교,부산,C100000416
만리포고등학교,충남,N100000165
망포고등학교,경기,J100005576
매곡고등학교,울산,H100000701
매괴고등학교,충북,M100000144
매원고등학교,경기,J100005577
매천고등학교,대구,D100001815
매탄고등학교,경기,J100004902
매향여자정보고등학교,경기,J100000552
매홀고등학교,경기,J100006701
면목고등학교,서울,B100000430
명덕고등학교,서울,B100000431
명덕고등학교,경남,S100000562
명덕여자고등학교,서울,B100000432
명덕외국어고등학교,서울,B100000573
명문고등학교,경기,J100000487
명석고등학교,대전,G100000211
명신고등학교,경남,S100000563
명신여자고등학교,인천,E100000207
명인정보고등학교,경북,R100000810
명일여자고등학교,서울,B100000434
명지고등학교,서울,B100000435
명진고등학교,광주,F100000148
명호고등학교,부산,C100002005
모계고등학교,경북,R100000811
모락고등학교,경기,J100005815
목도고등학교,충북,M100000146
목동고등학교,서울,B100000490
목상고등학교,전남,Q100000305
목천고등학교,충남,N100000166
목포고등학교,전남,Q100000196
목포공업고등학교,전남,Q100000198
목포덕인고등학교,전남,Q100000199
목포마리아회고등학교,전남,Q100000200
목포성신고등학교,전남,Q100000202
목포여자고등학교,전남,Q100000205
목포여자상업고등학교,전남,Q100000206
목포정명여자고등학교,전남,Q100000208
목포제일여자고등학교,전남,Q100000209
목포중앙고등학교,전남,Q100000204
목포혜인여자고등학교,전남,Q100000211
목포홍일고등학교,전남,Q100000212
무거고등학교,울산,H100000611
무룡고등학교,울산,H100000084
무산고등학교,경북,R100000812
무안고등학교,전남,Q100000213
무원고등학교,경기,J100000553
무주고등학교,전북,P100000342
무풍고등학교,전북,P100000343
무학여자고등학교,서울,B100000436
묵호고등학교,강원,K100000407
문경공업고등학교,경북,R100000815
문경여자고등학교,경북,R100000816
문막고등학교,강원,K100003835
문명고등학교,경북,R100000818
문산고등학교,경기,J100000554
문산수억고등학교,경기,J100000555
문산제일고등학교,경기,J100000556
문성고등학교,광주,F100000138
문수고등학교,울산,H100000080
문일고등학교,서울,B100000438
문일여자고등학교,인천,E100000210
문정고등학교,서울,B100005498
문정여자고등학교,광주,F100001236
문창고등학교,경북,R100000819
문태고등학교,전남,Q100000215
문학정보고등학교,인천,E100000211
문향고등학교,전남,Q100000296
문현고등학교,서울,B100005524
문현고등학교,울산,H100000613
문현여자고등학교,부산,C100000418
문화고등학교,경북,R100000820
물금고등학교,경남,S100003281
미래산업과학고등학교,서울,B100000587
미림여자고등학교,서울,B100000439
미림여자정보과학고등학교,서울,B100000639
미사강변고등학교,경기,J100006919
미사고등학교,경기,J100006810
미양고등학교,서울,B100005541
미추홀외국어고등학교,인천,E100001957
민족사관고등학교,강원,K100000414
밀성고등학교,경남,S100000565
밀성제일고등학교,경남,S100000567
밀양고등학교,경남,S100000568
밀양동명고등학교,경남,S100000570
밀양여자고등학교,경남,S100000571
밀양전자고등학교,경남,S100000569
박문여자고등학교,인천,E100000265
반송고등학교,경기,J100005578
반여고등학교,부산,C100001868
반포고등학교,서울,B100000440
발곡고등학교,경기,J100005667
발안바이오과학고등학교,경기,J100000559
방산고등학교,서울,B100005182
방어진고등학교,울산,H100000085
배곧고등학교,경기,J100006925
배명고등학교,서울,B100000441
배문고등학교,서울,B100000442
배방고등학교,충남,N100002834
배영고등학교,전북,P100000344
배재고등학교,서울,B100000443
배정고등학교,부산,C100000421
배화여자고등학교,서울,B100000444
백령고등학교,인천,E100000212
백마고등학교,경기,J100000563
백산고등학교,전북,P100000345
백석고등학교,인천,E100000213
백석고등학교,경기,J100000564
백송고등학교,경기,J100000468
백신고등학교,경기,J100000565
백암고등학교,서울,B100000445
백암고등학교,경기,J100000566
백양고등학교,경기,J100000567
백영고등학교,경기,J100000568
백운고등학교,경기,J100000569
백제고등학교,전남,Q100000217
백화여자고등학교,전북,P100000346
벌교고등학교,전남,Q100000219
벌교상업고등학교,전남,Q100000220
벌교여자고등학교,전남,Q100000221
범박고등학교,경기,J100004906
범서고등학교,울산,H100000654
범어고등학교,경남,S100003455
법성고등학교,전남,Q100000222
별가람고등학교,경기,J100006905
별내고등학교,경기,J100006520
병영상업고등학교,전남,Q100000223
병점고등학교,경기,J100004920
병천고등학교,충남,N100000167
보광고등학교,경남,S100000576
보라고등학교,경기,J100005656
보람고등학교,세종,I100000161
보문고등학교,광주,F100000139
보문고등학교,대전,G100000212
보성고등학교,서울,B100000446
보성고등학교,전남,Q100000224
보성여자고등학교,서울,B100000447
보영여자고등학교,경기,J100000572
보은고등학교,충북,M100000151
보은여자고등학교,충북,M100000155
보은정보고등학교,충북,M100000157
보인고등학교,서울,B100000640
보정고등학교,경기,J100004918
보평고등학교,경기,J100005836
복자여자고등학교,충남,N100000168
복정고등학교,경기,J100005659
봉담고등학교,경기,J100005579
봉명고등학교,충북,M100001917
봉양정보고등학교,경북,R100000822
봉의고등학교,강원,K100000415
봉일천고등학교,경기,J100004921
봉평고등학교,강원,K100000416
봉화고등학교,경북,R100000823
봉황고등학교,전남,Q100000228
부개고등학교,인천,E100001712
부개여자고등학교,인천,E100000214
부경고등학교,부산,C100000345
부곡고등학교,경기,J100006540
부광고등학교,인천,E100000215
부광여자고등학교,인천,E100000216
부명고등학교,경기,J100000576
부산강서고등학교,부산,C100000424
부산경영고등학교,부산,C100000471
부산고등학교,부산,C100000429
부산공업고등학교,부산,C100000432
부산과학고등학교,부산,C100001847
부산관광고등학교,부산,C100000473
부산국제고등학교,부산,C100000435
부산국제외국어고등학교,부산,C100001877
부산기계공업고등학교,부산,A000003543
부산남고등학교,부산,C100000438
부산남일고등학교,부산,C100000440
부산대저고등학교,부산,C100000441
부산대학교사범대학부설고등학교,부산,A000003509
부산동고등학교,부산,C100000444
부산동성고등학교,부산,C100000445
부산동여자고등학교,부산,C100000446
부산디지털고등학교,부산,C100000448
부산마케팅고등학교,부산,C100000389
부산문화여자고등학교,부산,C100000546
부산백양고등학교,부산,C100000475
부산보건고등학교,부산,C100000545
부산산업과학고등학교,부산,C100000450
부산서여자고등학교,부산,C100000453
부산세무고등학교,부산,C100000383
부산에너지과학고등학교,부산,C100000503
부산여자고등학교,부산,C100000459
부산여자상업고등학교,부산,C100000461
부산영상예술고등학교,부산,C100000462
부산예술고등학교,부산,C100000463
부산외국어고등학교,부산,C100000464
부산일과학고등학교,부산,C100002096
부산자동차고등학교,부산,C100000467
부산장안고등학교,부산,C100000468
부산전자공업고등학교,부산,C100000469
부산정보고등학교,부산,C100000470
부산정보관광고등학교,부산,C100000472
부산중앙고등학교,부산,C100000478
부산중앙여자고등학교,부산,C100000479
부산진고등학교,부산,C100000482
부산진여자고등학교,부산,C100000483
부산진여자상업고등학교,부산,C100000484
부산체육고등학교,부산,C100000485
부산컴퓨터과학고등학교,부산,C100000486
부산항만물류고등학교,부산,C100000402
부산해사고등학교,부산,A000003604
부석고등학교,충남,N100000169
부안고등학교,전북,P100000348
부안여자고등학교,전북,P100000350
부안여자상업고등학교,전북,P100000351
부안제일고등학교,전북,P100000349
부여고등학교,충남,N100000170
부여여자고등학교,충남,N100000172
부여전자고등학교,충남,N100000173
부여정보고등학교,충남,N100000174
부영여자고등학교,전남,Q100000229
부용고등학교,경기,J100004831
부원고등학교,경기,J100000780
부일외국어고등학교,부산,C100000490
부일전자디자인고등학교,부산,C100000492
부천고등학교,경기,J100000579
부천공업고등학교,경기,J100000580
부천북고등학교,경기,J100000581
부천여자고등학교,경기,J100000584
부천정보산업고등학교,경기,J100000585
부평고등학교,인천,E100000217
부평공업고등학교,인천,E100000218
부평디자인과학고등학교,인천,E100000221
부평여자고등학교,인천,E100000220
부흥고등학교,부산,C100000493
부흥고등학교,경기,J100000586
북삼고등학교,경북,R100006308
북원여자고등학교,강원,K100000418
북일고등학교,충남,N100000241
북일여자고등학교,충남,N100000242
북평고등학교,강원,K100000419
북평여자고등학교,강원,K100000421
분당경영고등학교,경기,J100000589
분당고등학교,경기,J100000587
분당대진고등학교,경기,J100000588
분당영덕여자고등학교,경기,J100000729
분당중앙고등학교,경기,J100000590
분포고등학교,부산,C100001851
불곡고등학교,경기,J100000591
불암고등학교,서울,B100005263
브니엘고등학교,부산,C100000494
브니엘여자고등학교,부산,C100000495
브니엘예술고등학교,부산,C100000496
비봉고등학교,경기,J100000594
비슬고등학교,대구,D100002075
비전고등학교,경기,J100006539
빛고을고등학교,광주,F100001283
사곡고등학교,경북,R100006140
사내고등학교,강원,K100000423
사동고등학교,경북,R100006348
사북고등학교,강원,K100000424
사상고등학교,부산,C100002002
사우고등학교,경기,J100000596
사직고등학교,부산,C100000497
사직여자고등학교,부산,C100000498
사천고등학교,경남,S100000577
사천여자고등학교,경남,S100000580
산남고등학교,충북,M100001916
산마을고등학교,인천,E100000195
산본고등학교,경기,J100000597
산본공업고등학교,경기,J100000598
산서고등학교,전북,P100000352
산청고등학교,경남,S100000583
살레시오고등학교,광주,F100000142
살레시오여자고등학교,광주,F100000143
삼가고등학교,경남,S100000587
삼각산고등학교,서울,B100005518
삼계고등학교,전남,Q100000233
삼광고등학교,경기,J100000599
삼괴고등학교,경기,J100000600
삼랑진고등학교,경남,S100000588
삼량고등학교,인천,E100000225
삼례공업고등학교,전북,P100000353
삼산고등학교,인천,E100000227
삼산고등학교,울산,H100000562
삼성고등학교,서울,B100000448
삼성생활예술고등학교,경북,R100000838
삼성여자고등학교,부산,C100000499
삼성여자고등학교,제주,T100000134
삼일고등학교,강원,K100000425
삼일공업고등학교,경기,J100000602
삼일상업고등학교,경기,J100000603
삼일여자고등학교,울산,H100000087
삼정고등학교,부산,C100000400
삼척고등학교,강원,K100000426
삼척마이스터고등학교,강원,K100000428
삼척여자고등학교,강원,K100000427
삼천포고등학교,경남,S100000591
삼천포공업고등학교,경남,S100000592
삼천포여자고등학교,경남,S100000593
삼천포중앙고등학교,경남,S100000595
삼현여자고등학교,경남,S100000596
삼호고등학교,전남,Q100005410
삽교고등학교,충남,N100000175
상계고등학교,서울,B100000449
상당고등학교,충북,M100000159
상동고등학교,경기,J100000578
상동고등학교,강원,K100000429
상록고등학교,경기,J100005801
상명고등학교,서울,B100000451
상명대학교사범대학부속여자고등학교,서울,B100000450
상모고등학교,경북,R100006139
상무고등학교,광주,F100000144
상문고등학교,서울,B100000452
상산고등학교,전북,P100000355
상산전자고등학교,경북,R100000840
상서고등학교,대구,D100000318
상암고등학교,서울,B100005365
상우고등학교,경기,J100004923
상원고등학교,경기,J100005399
상인고등학교,대구,D100000320
상일고등학교,경기,J100004899
상일미디어고등학교,서울,B100000586
상일여자고등학교,서울,B100000453
상일여자고등학교,광주,F100001226
상주고등학교,경북,R100000841
상주공업고등학교,경북,R100000842
상주여자고등학교,경북,R100000843
상지대관령고등학교,강원,K100000387
상지여자고등학교,강원,K100000430
상지여자고등학교,경북,R100000846
상현고등학교,경기,J100006522
새롬고등학교,세종,I100000162
생초고등학교,경남,S100000599
서강고등학교,광주,F100000145
서귀포고등학교,제주,T100000124
서귀포산업과학고등학교,제주,T100000158
서귀포여자고등학교,제주,T100000125
서대전고등학교,대전,G100000214
서대전여자고등학교,대전,G100000216
서도고등학교,인천,E100000228
서라벌고등학교,서울,B100000454
서령고등학교,충남,N100000176
서문여자고등학교,서울,B100000455
서산고등학교,충남,N100000177
서산여자고등학교,충남,N100000180
서산중앙고등학교,충남,N100000178
서상고등학교,경남,S100000600
서서울생활과학고등학교,서울,B100000641
서석고등학교,강원,K100000432
서야고등학교,충남,N100000181
서영여자고등학교,전북,P100000356
서운고등학교,인천,E100000229
서울고등학교,서울,B100000456
서울공업고등학교,서울,B100000588
서울공연예술고등학교,서울,B100005584
서울과학고등학교,서울,B100000569
서울관광고등학교,서울,B100000630
서울국제고등학교,서울,B100005494
서울금융고등학교,서울,B100000642
서울대학교사범대학부설고등학교,서울,A000003561
서울도시과학기술고등학교,서울,B100000590
서울디자인고등학교,서울,B100000583
서울디지텍고등학교,서울,B100000589
서울로봇고등학교,서울,B100000577
서울문영여자고등학교,서울,B100000437
서울문화고등학교,서울,B100000637
서울미술고등학교,서울,B100000458
서울방송고등학교,서울,B100000585
서울삼육고등학교,경기,J100000606
서울세종고등학교,서울,B100000459
서울아이티고등학교,서울,B100000599
서울여자고등학교,서울,B100000460
서울여자상업고등학교,서울,B100000607
서울영상고등학교,서울,B100000500
서울예술고등학교,서울,B100000625
서울외국어고등학교,서울,B100000574
서울전자고등학교,서울,B100000657
서울체육고등학교,서울,B100000461
서울컨벤션고등학교,서울,B100000606
서울항공비즈니스고등학교,서울,B100000646
서원고등학교,경기,J100004893
서원고등학교,충북,M100001840
서인천고등학교,인천,E100000230
서일고등학교,대전,G100000217
서일고등학교,충남,N100000182
서일국제경영고등학교,서울,B100000644
서일여자고등학교,대전,G100000219
서전고등학교,충북,M100002171
서정고등학교,경기,J100005797
서진여자고등학교,광주,F100000146
서창고등학교,경남,S100003327
서천고등학교,경기,J100005903
서천고등학교,충남,N100000183
서천여자고등학교,충남,N100000184
서천여자정보고등학교,충남,N100000186
서초고등학교,서울,B100000463
서해고등학교,경기,J100000607
서해삼육고등학교,충남,N100000187
서현고등학교,경기,J100000608
석관고등학교,서울,B100000464
석적고등학교,경북,R100006416
석정여자고등학교,인천,E100000231
석정여자고등학교,강원,K100000435
선덕고등학교,서울,B100000465
선덕여자고등학교,경북,R100000847
선린인터넷고등학교,서울,B100000658
선명여자고등학교,경남,S100000602
선부고등학교,경기,J100005669
선사고등학교,서울,B100005563
선산고등학교,경북,R100000850
선영여자고등학교,경북,R100000852
선유고등학교,서울,B100005261
선인고등학교,인천,E100000232
선일여자고등학교,서울,B100000466
선일이비즈니스고등학교,서울,B100000608
선정고등학교,서울,B100000467
선정국제관광고등학교,서울,B100000616
선주고등학교,경북,R100006141
선화여자고등학교,경북,R100000853
선화예술고등학교,서울,B100000626
설악고등학교,경기,J100000609
설악고등학교,강원,K100000444
설월여자고등학교,광주,F100000147
설천고등학교,전북,P100000357
설화고등학교,충남,N100002667
성광고등학교,대구,D100000321
성광여자고등학교,울산,H100000089
성남고등학교,서울,B100000468
성남고등학교,세종,I100000068
성남금융고등학교,경기,J100000613
성남서고등학교,경기,J100000611
성남여자고등학교,경기,J100000612
성남외국어고등학교,경기,J100005282
성남테크노과학고등학교,경기,J100000610
성덕고등학교,서울,B100000609
성덕고등학교,광주,F100001278
성도고등학교,부산,C100000508
성동고등학교,서울,B100000469
성동공업고등학교,서울,B100000591
성동글로벌경영고등학교,서울,B100000617
성모여자고등학교,부산,C100000509
성문고등학교,경기,J100000614
성보경영고등학교,경기,J100000617
성보고등학교,서울,B100000470
성복고등학교,경기,J100005904
성사고등학교,경기,J100005413
성산고등학교,대구,D100001660
성산고등학교,제주,T100000159
성서고등학교,대구,D100000322
성수고등학교,서울,B100005523
성수고등학교,강원,K100000436
성수공업고등학교,서울,B100000592
성수여자고등학교,강원,K100000440
성신고등학교,울산,H100000090
성신여자고등학교,서울,B100000471
성심보건고등학교,부산,C100000510
성심여자고등학교,서울,B100000472
성안고등학교,경기,J100000618
성암국제무역고등학교,서울,B100000645
성원고등학교,전북,P100000358
성의고등학교,경북,R100000855
성의여자고등학교,경북,R100000856
성일고등학교,경기,J100000620
성일고등학교,전북,P100000359
성일여자고등학교,부산,C100000511
성일정보고등학교,경기,J100000624
성전고등학교,전남,Q100000238
성주고등학교,경북,R100000864
성주여자고등학교,경북,R100005954
성지고등학교,부산,C100000512
성지고등학교,경기,J100005414
성지여자고등학교,경남,S100000606
성창여자고등학교,경북,R100000865
성포고등학교,경기,J100005283
성호고등학교,경기,J100000626
성화여자고등학교,대구,D100000325
성환고등학교,충남,N100000189
성희여자고등학교,경북,R100000866
세경고등학교,경기,J100000829
세광고등학교,충북,M100000161
세교고등학교,경기,J100005902
세그루패션디자인고등학교,서울,B100000618
세마고등학교,경기,J100005806
세명고등학교,충북,M100000162
세명고등학교,경북,R100000867
세명컴퓨터고등학교,서울,B100000659
세원고등학교,경기,J100000627
세인고등학교,울산,H100000125
세인고등학교,전북,P100000360
세일고등학교,인천,E100000235
세정상업고등학교,부산,C100000415
세종고등학교,세종,I100000076
세종고등학교,경기,J100000720
세종고등학교,경남,S100000608
세종과학고등학교,서울,B100005500
세종과학예술영재학교,세종,I100000149
세종국제고등학교,세종,I100000120
세종여자고등학교,세종,I100000069
세종하이텍고등학교,세종,I100000072
세현고등학교,서울,B100005270
세화고등학교,서울,B100000473
세화고등학교,경북,R100000868
세화고등학교,제주,T100000126
세화여자고등학교,서울,B100000474
센텀고등학교,부산,C100002000
소담고등학교,세종,I100000160
소래고등학교,경기,J100000628
소명여자고등학교,경기,J100000630
소사고등학교,경기,J100000631
소양고등학교,강원,K100000514
소천고등학교,경북,R100000869
소하고등학교,경기,J100000632
속초고등학교,강원,K100000443
속초여자고등학교,강원,K100000447
솔터고등학교,경기,J100006523
송곡고등학교,서울,B100000475
송곡관광고등학교,서울,B100000647
송곡여자고등학교,서울,B100000476
송내고등학교,경기,J100004900
송도고등학교,인천,E100000236
송림고등학교,경기,J100000633
송산고등학교,경기,J100000634
송악고등학교,충남,N100000190
송양고등학교,경기,J100006519
송우고등학교,경기,J100005382
송원고등학교,광주,F100000149
송원여자고등학교,광주,F100000150
송원여자상업고등학교,광주,F100001096
송지고등학교,전남,Q100000240
송탄고등학교,경기,J100000636
송탄제일고등학교,경기,J100000637
송파공업고등학교,서울,B100000593
송현고등학교,경기,J100000638
송현여자고등학교,대구,D100000326
송호고등학교,경기,J100004833
수내고등학교,경기,J100000639
수도여자고등학교,서울,B100000477
수도전기공업고등학교,서울,B100000594
수락고등학교,서울,B100000478
수리고등학교,경기,J100000640
수명고등학교,서울,B100005582
수비고등학교,경북,R100000870
수성고등학교,대구,D100001707
수성고등학교,경기,J100000641
수완고등학교,광주,F100001232
수원고등학교,경기,J100000645
수원공업고등학교,경기,J100000646
수원농생명과학고등학교,경기,J100000648
수원여자고등학교,경기,J100000649
수원외국어고등학교,경기,J100005284
수원전산여자고등학교,경기,J100000653
수원정보과학고등학교,경기,J100000651
수원칠보고등학교,경기,J100006702
수원하이텍고등학교,경기,J100000833
수일고등학교,경기,J100000654
수주고등학교,경기,J100005581
수지고등학교,경기,J100000655
수택고등학교,경기,J100000656
숙명여자고등학교,서울,B100000479
숙지고등학교,경기,J100000657
순심고등학교,경북,R100000874
순심여자고등학교,경북,R100000875
순창고등학교,전북,P100000362
순창제일고등학교,전북,P100000363
순천강남여자고등학교,전남,Q100000241
순천고등학교,전남,Q100000242
순천공업고등학교,전남,Q100000244
순천금당고등학교,전남,Q100000245
순천매산고등학교,전남,Q100000246
순천매산여자고등학교,전남,Q100000247
순천복성고등학교,전남,Q100005450
순천여자고등학교,전남,Q100000249
순천전자고등학교,전남,Q100000251
순천제일고등학교,전남,Q100000252
순천청암고등학교,전남,Q100000253
순천팔마고등학교,전남,Q100005347
순천효산고등학교,전남,Q100000254
순천효천고등학교,전남,Q100000255
숭덕고등학교,광주,F100000153
숭덕여자고등학교,인천,E100000237
숭문고등학교,서울,B100000480
숭신여자고등학교,경기,J100000658
숭실고등학교,서울,B100000481
숭의고등학교,광주,F100000154
숭의여자고등학교,서울,B100000482
시온고등학교,경기,J100000659
시온식품과학고등학교,부산,C100002179
시지고등학교,대구,D100000327
시화공업고등학교,경기,J100000660
시흥고등학교,경기,J100004834
시흥능곡고등학교,경기,J100005665
시흥매화고등학교,경기,J100005666
신갈고등학교,경기,J100000661
신광여자고등학교,서울,B100000483
신길고등학교,경기,J100005674
신남고등학교,강원,K100000448
신도고등학교,서울,B100005530
신도고등학교,부산,C100000517
신도림고등학교,서울,B100005521
신등고등학교,경남,S100000611
신라고등학교,경북,R100000879
신라공업고등학교,경북,R100000880
신리고등학교,경기,J100007131
신림고등학교,서울,B100000484
신명고등학교,대구,D100000329
신명여자고등학교,인천,E100000238
신목고등학교,서울,B100000485
신반정보고등학교,경남,S100000613
신봉고등학교,경기,J100006525
신서고등학교,서울,B100005285
신선여자고등학교,울산,H100000564
신성고등학교,경기,J100000662
신성여자고등학교,제주,T100000135
신송고등학교,인천,E100001787
신안해양과학고등학교,전남,Q100000259
신일고등학교,서울,B100000486
신일비즈니스고등학교,경기,J100000665
신장고등학교,경기,J100004916
신정고등학교,부산,C100002008
신정고등학교,울산,H100000091
신정여자상업고등학교,서울,B100000610
신진과학기술고등학교,서울,B100000595
신천고등학교,경기,J100005668
신철원고등학교,강원,K100000450
신탄진고등학교,대전,G100000223
신태인고등학교,전북,P100000364
신평고등학교,충남,N100000191
신한고등학교,경기,J100000666
신현고등학교,서울,B100005204
신흥고등학교,경기,J100000667
심석고등학교,경기,J100000669
심원고등학교,경기,J100000671
심인고등학교,대구,D100000330
쌘뽈여자고등학교,충남,N100000193
아름고등학교,세종,I100000107
아림고등학교,경남,S100000476
아산고등학교,충남,N100000194
아산전자기계고등학교,충남,N100000164
안강여자고등학교,경북,R100000885
안강전자고등학교,경북,R100000886
안계고등학교,경북,R100005678
안곡고등학교,경기,J100005600
안남고등학교,인천,E100001706
안동고등학교,경북,R100000891
안동여자고등학교,경북,R100000896
안동중앙고등학교,경북,R100000897
안면고등학교,충남,N100000195
안법고등학교,경기,J100000672
안산강서고등학교,경기,J100000673
안산고등학교,경기,J100000675
안산공업고등학교,경기,J100000676
안산국제비즈니스고등학교,경기,J100000674
안산동산고등학교,경기,J100000677
안산디자인문화고등학교,경기,J100000680
안성고등학교,경기,J100000684
안성고등학교,전북,P100000365
안성여자고등학교,경기,J100000686
안양고등학교,경기,J100000690
안양공업고등학교,경기,J100000691
안양여자고등학교,경기,J100000693
안양여자상업고등학교,경기,J100000694
안양예술고등학교,경기,J100000696
안양외국어고등학교,경기,J100000697
안의고등학교,경남,S100000615
안좌고등학교,전남,Q100000258
안중고등학교,경기,J100000701
안천고등학교,전북,P100000366
안화고등학교,경기,J100005460
안흥고등학교,강원,K100000451
알로이시오전자기계고등학교,부산,C100000519
압구정고등학교,서울,B100000400
애월고등학교,제주,T100000140
야로고등학교,경남,S100000617
야탑고등학교,경기,J100000702
약목고등학교,경북,R100000898
약사고등학교,울산,H100000706
약산고등학교,전남,Q100000260
양곡고등학교,경기,J100000703
양구고등학교,강원,K100000454
양구여자고등학교,강원,K100000453
양동고등학교,경기,J100000704
양명고등학교,경기,J100000705
양명여자고등학교,경기,J100000706
양산고등학교,경남,S100000618
양산남부고등학교,경남,S100003213
양산여자고등학교,경남,S100000626
양산제일고등학교,경남,S100000619
양서고등학교,경기,J100000707
양양고등학교,강원,K100000456
양양여자고등학교,강원,K100000457
양업고등학교,충북,M100000167
양영디지털고등학교,경기,J100000708
양운고등학교,부산,C100000521
양일고등학교,경기,J100000711
양재고등학교,서울,B100000487
양정고등학교,서울,B100000488
양정고등학교,부산,C100000522
양주고등학교,경기,J100005381
양주백석고등학교,경기,J100005280
양지고등학교,세종,I100000150
양지고등학교,경기,J100000713
양천고등학교,서울,B100000489
양청고등학교,충북,M100001888
양평고등학교,경기,J100000716
양평전자과학고등학교,경기,J100000714
양현고등학교,전북,P100002706
언남고등학교,서울,B100000491
언양고등학교,울산,H100000703
여강고등학교,경기,J100000717
여남고등학교,전남,Q100000261
여량고등학교,강원,K100000458
여산고등학교,전북,P100000367
여수고등학교,전남,Q100000262
여수공업고등학교,전남,Q100000263
여수석유화학고등학교,전남,Q100000266
여수여자고등학교,전남,Q100000265
여수정보과학고등학교,전남,Q100000267
여수중앙여자고등학교,전남,Q100000268
여수충무고등학교,전남,Q100005318
여수해양과학고등학교,전남,Q100000272
여수화양고등학교,전남,Q100000269
여양고등학교,전남,Q100000270
여의도고등학교,서울,B100000492
여의도여자고등학교,서울,B100000493
여주고등학교,경기,J100000718
여주자영농업고등학교,경기,J100000722
여주제일고등학교,경기,J100000723
여천고등학교,전남,Q100000271
역곡고등학교,경기,J100005900
연무고등학교,충남,N100000197
연무대기계공업고등학교,충남,N100000199
연수고등학교,인천,E100000239
연수여자고등학교,인천,E100000240
연제고등학교,부산,C100001907
연천고등학교,경기,J100000726
연초고등학교,경남,S100003452
연평고등학교,인천,E100000242
염광고등학교,서울,B100000494
염광여자메디텍고등학교,서울,B100000649
영광고등학교,전남,Q100000275
영광고등학교,경북,R100000901
영광공업고등학교,전남,Q100000277
영광여자고등학교,경북,R100000902
영광전자고등학교,전남,Q100000278
영남고등학교,대구,D100000331
영남공업고등학교,대구,D100000332
영남삼육고등학교,경북,R100000903
영덕고등학교,경기,J100000728
영덕고등학교,경북,R100000905
영덕여자고등학교,경북,R100000904
영도여자고등학교,부산,C100000524
영동고등학교,서울,B100000495
영동고등학교,충북,M100000168
영동고등학교,경북,R100000906
영동산업과학고등학교,충북,M100000169
영동인터넷고등학교,충북,M100000173
영동일고등학교,서울,B100000496
영등포고등학교,서울,B100000497
영등포공업고등학교,서울,B100000596
영등포여자고등학교,서울,B100000498
영락고등학교,서울,B100000499
영락유헬스고등학교,서울,B100000611
영문고등학교,경북,R100000907
영복여자고등학교,경기,J100000730
영북고등학교,경기,J100000731
영산고등학교,전남,Q100000282
영산고등학교,경남,S100000629
영산성지고등학교,전남,Q100000280
영생고등학교,경기,J100000732
영서고등학교,강원,K100000469
영선고등학교,전북,P100000369
영송여자고등학교,대구,D100000333
영신간호비즈니스고등학교,서울,B100000619
영신고등학교,서울,B100000501
영신고등학교,대구,D100000334
영신여자고등학교,서울,B100000502
영신여자고등학교,경기,J100000734
영암고등학교,전남,Q100000285
영암낭주고등학교,전남,Q100000286
영암여자고등학교,전남,Q100000287
영암전자과학고등학교,전남,Q100000256
영양고등학교,경북,R100000908
영양여자고등학교,경북,R100000909
영월고등학교,강원,K100000460
영월공업고등학교,강원,K100000461
영일고등학교,서울,B100000503
영일고등학교,경북,R100000910
영종국제물류고등학교,인천,E100000245
영주고등학교,경북,R100000912
영주고등학교,제주,T100000153
영주동산고등학교,경북,R100000804
영주여자고등학교,경북,R100000916
영주제일고등학교,경북,R100000917
영진고등학교,대구,D100000335
영천고등학교,경북,R100000919
영천상업고등학교,경북,R100005424
영천성남여자고등학교,경북,R100000923
영천여자고등학교,경북,R100000921
영천전자고등학교,경북,R100000920
영파여자고등학교,서울,B100000504
영해고등학교,경북,R100000924
영화관광경영고등학교,인천,E100000248
영훈고등학교,서울,B100000505
영흥고등학교,전남,Q100000288
예당고등학교,경기,J100005580
예당고등학교,전남,Q100000289
예림디자인고등학교,서울,B100000632
예문여자고등학교,부산,C100000527
예산고등학교,충남,N100000206
예산여자고등학교,충남,N100000208
예산예화여자고등학교,충남,N100000209
예산전자공업고등학교,충남,N100000210
예일디자인고등학교,서울,B100000620
예일여자고등학교,서울,B100000506
예천여자고등학교,경북,R100000929
오금고등학교,서울,B100000507
오남고등학교,경기,J100005670
오류고등학교,서울,B100000508
오산고등학교,서울,B100000509
오산고등학교,경기,J100000736
오산정보고등학교,경기,J100000737
오상고등학교,경북,R100000931
오성고등학교,대구,D100000339
오송고등학교,충북,M100002004
오수고등학교,전북,P100000372
오창고등학교,충북,M100000176
오천고등학교,경북,R100000934
오현고등학교,제주,T100000136
옥과고등학교,전남,Q100000290
옥련여자고등학교,인천,E100001708
옥정고등학교,경기,J100006765
옥종고등학교,경남,S100000636
옥천고등학교,충북,M100000177
온산고등학교,울산,H100000736
온양고등학교,충남,N100000213
온양여자고등학교,충남,N100000214
온양용화고등학교,충남,N100002468
온양한올고등학교,충남,N100000217
와룡고등학교,대구,D100000340
와부고등학교,경기,J100005601
완도고등학교,전남,Q100000291
완도금일고등학교,전남,Q100000292
완도수산고등학교,전남,Q100000293
완산고등학교,전북,P100000374
완산여자고등학교,전북,P100000376
완주고등학교,전북,P100000377
왕신여자고등학교,전북,P100000378
용남고등학교,충남,N100000218
용남고등학교,경남,S100000639
용문고등학교,서울,B100000510
용문고등학교,경기,J100000739
용산고등학교,서울,B100000511
용산공업고등학교,서울,B100000597
용운고등학교,경북,R100000936
용인고등학교,부산,C100000529
용인고등학교,경기,J100000740
용인바이오고등학교,경기,J100000741
용인백현고등학교,경기,J100005319
용인삼계고등학교,경기,J100006921
용인정보고등학교,경기,J100000744
용인한국외국어대학교부설고등학교,경기,J100005170
용호고등학교,경기,J100000745
용화여자고등학교,서울,B100000512
우석고등학교,전북,P100000380
우석여자고등학교,경북,R100000844
우성고등학교,경기,J100000746
우송고등학교,대전,G100000225
우신고등학교,서울,B100000513
우신고등학교,울산,H100000095
운남고등학교,광주,F100001118
운산고등학교,경기,J100005798
운산공업고등학교,충남,N100000220
운암고등학교,대구,D100000341
운암고등학교,경기,J100005461
운양고등학교,경기,J100006717
운정고등학교,경기,J100005799
운중고등학교,경기,J100005844
운천고등학교,경기,J100004835
운호고등학교,충북,M100000181
울릉고등학교,경북,R100000937
울산강남고등학교,울산,H100000675
울산경의고등학교,울산,H100000097
울산고등학교,울산,H100000098
울산공업고등학교,울산,H100000099
울산과학고등학교,울산,H100000549
울산기술공업고등학교,울산,H100000096
울산동천고등학교,울산,H100000082
울산마이스터고등학교,울산,H100000110
울산미용예술고등학교,울산,H100000105
울산산업고등학교,울산,H100000727
울산상업고등학교,울산,H100000103
울산생활과학고등학교,울산,H100000104
울산스포츠과학고등학교,울산,H100000704
울산애니원고등학교,울산,H100000530
울산에너지고등학교,울산,H100000115
울산여자고등학교,울산,H100000106
울산여자상업고등학교,울산,H100000107
울산예술고등학교,울산,H100000108
울산외국어고등학교,울산,H100000673
울산제일고등학교,울산,H100000111
울산중앙고등학교,울산,H100000113
울산중앙여자고등학교,울산,H100000114
울진고등학교,경북,R100000938
웅상고등학교,경남,S100000640
웅천고등학교,충남,N100000221
웅천고등학교,경남,S100000673
원경고등학교,경남,S100000642
원곡고등학교,경기,J100000747
원광고등학교,전북,P100000382
원광여자고등학교,전북,P100000383
원광정보예술고등학교,전북,P100000385
원덕고등학교,강원,K100000462
원묵고등학교,서울,B100005364
원미고등학교,경기,J100000748
원종고등학교,경기,J100000749
원주고등학교,강원,K100000466
원주공업고등학교,강원,K100000468
원주금융회계고등학교,강원,K100000417
원주삼육고등학교,강원,K100000470
원주여자고등학교,강원,K100000471
원주의료고등학교,강원,K100000474
원통고등학교,강원,K100000475
원화여자고등학교,대구,D100000342
월계고등학교,서울,B100005262
위도고등학교,전북,P100000386
위례고등학교,경기,J100007014
위례한빛고등학교,경기,J100007016
유봉여자고등학교,강원,K100000476
유성고등학교,대전,G100000226
유성생명과학고등학교,대전,G100000228
유성여자고등학교,대전,G100000229
유성여자고등학교,경북,R100000941
유신고등학교,경기,J100000750
유일여자고등학교,전북,P100000387
유한공업고등학교,서울,B100000598
육민관고등학교,강원,K100000477
율곡고등학교,경기,J100000751
율곡고등학교,경북,R100006433
율면고등학교,경기,J100000753
율천고등학교,경기,J100006514
은광여자고등학교,서울,B100000514
은평고등학교,서울,B100005583
은평메디텍고등학교,서울,B100000515
은행고등학교,경기,J100000754
은혜고등학교,경기,J100000755
음성고등학교,충북,M100000183
의령고등학교,경남,S100000643
의령여자고등학교,경남,S100000644
의성고등학교,경북,R100000944
의성공업고등학교,경북,R100000945
의성여자고등학교,경북,R100000946
의왕고등학교,경기,J100005671
의정부고등학교,경기,J100000756
의정부공업고등학교,경기,J100000757
의정부광동고등학교,경기,J100000480
의정부여자고등학교,경기,J100000758
이리고등학교,전북,P100000388
이리공업고등학교,전북,P100000389
이리남성여자고등학교,전북,P100000390
이리여자고등학교,전북,P100000392
이매고등학교,경기,J100000759
이사벨고등학교,부산,C100000530
이서고등학교,경북,R100000949
이우고등학교,경기,J100004945
이의고등학교,경기,J100006813
이일여자고등학교,전북,P100000394
이천고등학교,경기,J100000760
이천세무고등학교,경기,J100000450
이천양정여자고등학교,경기,J100000763
이천제일고등학교,경기,J100000762
이충고등학교,경기,J100005672
이포고등학교,경기,J100000767
이현고등학교,경기,J100005906
이화여자고등학교,서울,B100000516
이화여자대학교병설미디어고등학교,서울,B100000650
이화여자대학교사범대학부속이화금란고등학교,서울,B100000517
이화여자외국어고등학교,서울,B100000575
익산고등학교,전북,P100000395
인덕공업고등학교,서울,B100000600
인덕원고등학교,경기,J100004905
인동고등학교,경북,R100006093
인명여자고등학교,인천,E100000254
인상고등학교,전북,P100000397
인성여자고등학교,인천,E100000255
인월고등학교,전북,P100000398
인일여자고등학교,인천,E100000256
인제고등학교,인천,E100000257
인제고등학교,강원,K100000480
인창고등학교,서울,B100000518
인창고등학교,경기,J100000769
인천고등학교,인천,E100000258
인천고잔고등학교,인천,E100001969
인천공항고등학교,인천,E100000259
인천과학고등학교,인천,E100000260
인천과학예술영재학교,인천,E100002238
인천국제고등학교,인천,E100001817
인천금융고등학교,인천,E100000209
인천기계공업고등학교,인천,E100000261
인천남고등학교,인천,E100000262
인천남동고등학교,인천,E100001822
인천논현고등학교,인천,E100001810
인천대건고등학교,인천,E100000263
인천디자인고등학교,인천,E100000264
인천마전고등학교,인천,E100001809
인천만수고등학교,인천,E100001818
인천보건고등학교,인천,E100000187
인천부흥고등학교,인천,E100001714
인천뷰티예술고등학교,인천,E100000271
인천비즈니스고등학교,인천,E100000233
인천산곡고등학교,인천,E100001713
인천상정고등학교,인천,E100001963
인천생활과학고등학교,인천,E100000267
인천세무고등학교,인천,E100000219
인천세원고등학교,인천,E100001967
인천송천고등학교,인천,E100002020
인천신현고등학교,인천,E100001820
인천여자고등학교,인천,E100000269
인천여자상업고등학교,인천,E100000273
인천연송고등학교,인천,E100002083
인천영선고등학교,인천,E100001807
인천영종고등학교,인천,E100002092
인천영흥고등학교,인천,E100002186
인천예술고등학교,인천,E100000275
인천예일고등학교,인천,E100001710
인천외국어고등학교,인천,E100000244
인천원당고등학교,인천,E100001786
인천전자마이스터고등학교,인천,E100000276
인천정보산업고등학교,인천,E100000277
인천중앙여자상업고등학교,인천,E100000279
인천진산과학고등학교,인천,E100001812
인천청라고등학교,인천,E100002023
인천체육고등학교,인천,E100000280
인천초은고등학교,인천,E100002025
인천포스코고등학교,인천,E100002244
인천하늘고등학교,인천,E100002162
인천하이텍고등학교,인천,E100000252
인천해사고등학교,인천,A000003549
인천해송고등학교,인천,E100001972
인천해양과학고등학교,인천,E100000283
인천해원고등학교,인천,E100002161
인천효성고등학교,인천,E100000298
인평자동차정보고등학교,인천,E100000284
인하대학교사범대학부속고등학교,인천,E100000285
인항고등학교,인천,E100000286
인헌고등학교,서울,B100000519
인화여자고등학교,인천,E100000287
일동고등학교,경기,J100000770
일산고등학교,경기,J100000771
일산국제컨벤션고등학교,경기,J100000775
일산대진고등학교,경기,J100000772
일산동고등학교,경기,J100000773
일신여자고등학교,충북,M100000187
일신여자상업고등학교,서울,B100000612
일죽고등학교,경기,J100000777
임계고등학교,강원,K100000481
임실고등학교,전북,P100000399
임자고등학교,전남,Q100000294
자양고등학교,서울,B100000521
자운고등학교,서울,B100005205
작전고등학교,인천,E100001707
작전여자고등학교,인천,E100001705
잠신고등학교,서울,B100000522
잠실고등학교,서울,B100000523
잠실여자고등학교,서울,B100000524
잠일고등학교,서울,B100005566
장계공업고등학교,전북,P100000401
장곡고등학교,경기,J100000778
장기고등학교,경기,J100005673
장덕고등학교,광주,F100001230
장성고등학교,전남,Q100000295
장성실업고등학교,전남,Q100000297
장성여자고등학교,강원,K100000483
장수고등학교,전북,P100000402
장안고등학교,경기,J100000779
장안제일고등학교,부산,C100000532
장유고등학교,경남,S100000648
장충고등학교,서울,B100000525
장항고등학교,충남,N100000226
장호원고등학교,경기,J100000781
장훈고등학교,서울,B100000526
장흥고등학교,전남,Q100000299
장흥관산고등학교,전남,Q100000300
재능고등학교,인천,E100000201
재현고등학교,서울,B100000527
저동고등학교,경기,J100000783
저현고등학교,경기,J100006562
전곡고등학교,경기,J100000786
전남고등학교,광주,F100000155
전남공업고등학교,광주,F100000156
전남과학고등학교,전남,Q100000302
전남기술과학고등학교,전남,Q100000335
전남대학교사범대학부설고등학교,광주,A000003516
전남미용고등학교,전남,Q100000283
전남보건고등학교,전남,Q100000327
전남생명과학고등학교,전남,Q100000163
전남여자고등학교,광주,F100000161
전남여자상업고등학교,광주,F100000163
전남예술고등학교,전남,Q100000303
전남외국어고등학교,전남,Q100000304
전남자연과학고등학교,전남,Q100003472
전남조리과학고등학교,전남,Q100000171
전남체육고등학교,전남,Q100004882
전라고등학교,전북,P100000403
전북과학고등학교,전북,P100000408
전북기계공업고등학교,전북,A000003550
전북대학교사범대학부설고등학교,전북,A000003520
전북여자고등학교,전북,P100000381
전북외국어고등학교,전북,P100002489
전북제일고등학교,전북,P100000410
전북체육고등학교,전북,P100000411
전인고등학교,강원,K100003735
전일고등학교,전북,P100000413
전주고등학교,전북,P100000414
전주공업고등학교,전북,P100000416
전주근영여자고등학교,전북,P100000417
전주기전여자고등학교,전북,P100000419
전주대학교사범대학부설고등학교,전북,P100000373
전주상업정보고등학교,전북,P100000428
전주생명과학고등학교,전북,P100000420
전주성심여자고등학교,전북,P100000422
전주솔내고등학교,전북,P100000361
전주신흥고등학교,전북,P100000425
전주여자고등학교,전북,P100000426
전주영생고등학교,전북,P100000429
전주예술고등학교,전북,P100000430
전주제일고등학교,전북,P100002014
전주중앙여자고등학교,전북,P100000431
전주한일고등학교,전북,P100000432
전주해성고등학교,전북,P100000433
점동고등학교,경기,J100000787
점촌고등학교,경북,R100000954
정관고등학교,부산,C100002070
정광고등학교,광주,F100000165
정남진산업고등학교,전남,Q100000301
정동고등학교,대구,D100000345
정명고등학교,경기,J100000788
정발고등학교,경기,J100000791
정산고등학교,충남,N100000252
정석항공과학고등학교,인천,E100000288
정선고등학교,강원,K100000486
정선정보공업고등학교,강원,K100000488
정신여자고등학교,서울,B100000528
정왕고등학교,경기,J100000792
정읍고등학교,전북,P100000435
정읍여자고등학교,전북,P100000437
정읍제일고등학교,전북,P100000436
정의여자고등학교,서울,B100000529
정주고등학교,전북,P100000438
정화여자고등학교,대구,D100000346
정화여자상업고등학교,서울,B100000613
제물포고등학교,인천,E100000289
제일고등학교,인천,E100000291
제주고등학교,제주,T100000157
제주과학고등학교,제주,T100000156
제주대학교사범대학부설고등학교,제주,A000003566
제주여자고등학교,제주,T100000137
제주여자상업고등학교,제주,T100000143
제주외국어고등학교,제주,T100000773
제주제일고등학교,제주,T100000127
제주중앙고등학교,제주,T100000154
제주중앙여자고등학교,제주,T100000128
제천고등학교,충북,M100000191
제천디지털전자고등학교,충북,M100000192
제천산업고등학교,충북,M100000186
제천상업고등학교,충북,M100000194
제천여자고등학교,충북,M100000195
제천제일고등학교,충북,M100000193
조도고등학교,전남,Q100000307
조선대학교부속고등학교,광주,F100000166
조선대학교여자고등학교,광주,F100000167
조원고등학교,경기,J100004896
조일로봇고등학교,대구,D100000347
조종고등학교,경기,J100000796
종촌고등학교,세종,I100000144
주덕고등학교,충북,M100000197
주례여자고등학교,부산,C100000535
주문진고등학교,강원,K100000492
주산산업고등학교,충남,N100000233
주성고등학교,충북,M100001841
주엽고등학교,경기,J100000797
주천고등학교,강원,K100000499
죽변고등학교,경북,R100000955
죽산고등학교,경기,J100000800
죽전고등학교,경기,J100000801
줄포자동차공업고등학교,전북,P100000442
중경고등학교,서울,B100000530
중동고등학교,서울,B100000531
중마고등학교,전남,Q100005327
중모고등학교,경북,R100000957
중문고등학교,제주,T100000144
중산고등학교,서울,B100000532
중산고등학교,경기,J100000802
중앙고등학교,서울,B100000533
중앙대학교사범대학부속고등학교,서울,B100000534
중앙여자고등학교,서울,B100000535
중원고등학교,경기,J100000803
중일고등학교,대전,G100000231
중화고등학교,서울,B100000536
중흥고등학교,경기,J100000804
증평공업고등학교,충북,M100000200
증평정보고등학교,충북,M100000203
지구촌고등학교,부산,C100000536
지리산고등학교,경남,S100003285
지명고등학교,전남,Q100000311
지산고등학교,부산,C100000537
지산고등학교,경기,J100006903
지평고등학교,경기,J100000805
지평선고등학교,전북,P100002634
진건고등학교,경기,J100000806
진경여자고등학교,전북,P100000443
진관고등학교,서울,B100005525
진광고등학교,강원,K100000501
진교고등학교,경남,S100000650
진도고등학교,전남,Q100000312
진도국악고등학교,전남,Q100000235
진도실업고등학교,전남,Q100000313
진량고등학교,경북,R100000961
진명여자고등학교,서울,B100000537
진보고등학교,경북,R100000962
진부고등학교,강원,K100000503
진서고등학교,경남,S100000653
진선여자고등학교,서울,B100000538
진성고등학교,경기,J100000807
진성여자고등학교,전남,Q100000316
진안공업고등학교,전북,P100000446
진안제일고등학교,전북,P100000447
진양고등학교,경남,S100000654
진영고등학교,경남,S100000655
진영제일고등학교,경남,S100000658
진위고등학교,경기,J100000810
진접고등학교,경기,J100005803
진주고등학교,경남,S100000660
진주기계공업고등학교,경남,S100000662
진주동명고등학교,경남,S100000663
진주여자고등학교,경남,S100000665
진주외국어고등학교,경남,S100000667
진주제일여자고등학교,경남,S100000668
진주중앙고등학교,경남,S100000601
진천고등학교,충북,M100000204
진천상업고등학교,충북,M100000207
진해고등학교,경남,S100000669
진해세화여자고등학교,경남,S100000670
진해여자고등학교,경남,S100000671
진해용원고등학교,경남,S100003331
진해중앙고등학교,경남,S100000675
창녕고등학교,경남,S100000677
창녕공업고등학교,경남,S100000678
창녕대성고등학교,경남,S100000681
창녕여자고등학교,경남,S100000682
창녕옥야고등학교,경남,S100000634
창녕제일고등학교,경남,S100000684
창덕여자고등학교,서울,B100000539
창동고등학교,서울,B100000540
창문여자고등학교,서울,B100000541
창선고등학교,경남,S100000685
창신고등학교,경남,S100000687
창원경일고등학교,경남,S100000688
창원경일여자고등학교,경남,S100003228
창원고등학교,경남,S100000689
창원공업고등학교,경남,S100000690
창원과학고등학교,경남,S100003433
창원기계공업고등학교,경남,S100000691
창원남고등학교,경남,S100000692
창원남산고등학교,경남,S100000693
창원대산고등학교,경남,S100000694
창원대암고등학교,경남,S100003277
창원명곡고등학교,경남,S100003230
창원명지여자고등학교,경남,S100000695
창원문성고등학교,경남,S100000696
창원봉림고등학교,경남,S100003209
창원사파고등학교,경남,S100000697
창원성민여자고등학교,경남,S100003488
창원신월고등학교,경남,S100003210
창원여자고등학교,경남,S100000698
창원용호고등학교,경남,S100000699
창원중앙고등학교,경남,S100000701
창원중앙여자고등학교,경남,S100000702
창원토월고등학교,경남,S100003278
창평고등학교,전남,Q100000317
창현고등학교,경기,J100000812
천상고등학교,울산,H100000702
천안고등학교,충남,N100000238
천안공업고등학교,충남,N100000239
천안두정고등학교,충남,N100002463
천안불당고등학교,충남,N100002892
천안상업고등학교,충남,N100000237
천안신당고등학교,충남,N100002531
천안쌍용고등학교,충남,N100002511
천안업성고등학교,충남,N100002552
천안여자고등학교,충남,N100000244
천안여자상업고등학교,충남,N100000245
천안오성고등학교,충남,N100002553
천안월봉고등학교,충남,N100002464
천안제일고등학교,충남,N100000240
천안중앙고등학교,충남,N100000246
천안청수고등학교,충남,N100002547
천천고등학교,경기,J100004895
철성고등학교,경남,S100000703
철암고등학교,강원,K100000505
철원고등학교,강원,K100000506
철원여자고등학교,강원,K100000507
첨단고등학교,광주,F100001155
청구고등학교,대구,D100000350
청담고등학교,서울,B100000542
청담고등학교,경기,J100000813
청덕고등학교,경기,J100005664
청도고등학교,경북,R100000964
청도전자고등학교,경북,R100000965
청란여자고등학교,대전,G100000232
청량고등학교,서울,B100000543
청명고등학교,경기,J100000815
청북고등학교,경기,J100005804
청산고등학교,충북,M100000209
청석고등학교,충북,M100000211
청송고등학교,경북,R100000967
청송여자고등학교,경북,R100000969
청송자동차고등학교,경북,R100000968
청심국제고등학교,경기,J100005286
청양고등학교,충남,N100002727
청운고등학교,경기,J100000816
청원고등학교,서울,B100000544
청원고등학교,충북,M100001915
청원여자고등학교,서울,B100000545
청주고등학교,충북,M100000212
청주공업고등학교,충북,M100000215
청주농업고등학교,충북,M100000216
청주대성고등학교,충북,M100000217
청주신흥고등학교,충북,M100000164
청주여자고등학교,충북,M100000220
청주여자상업고등학교,충북,M100000223
청주외국어고등학교,충북,M100000224
청주중앙여자고등학교,충북,M100000226
청평고등학교,경기,J100000817
청학고등학교,경기,J100000818
청학공업고등학교,인천,E100000292
초계고등학교,경남,S100000705
초당고등학교,경기,J100005658
초월고등학교,경기,J100005908
초지고등학교,경기,J100000819
춘천고등학교,강원,K100000510
춘천기계공업고등학교,강원,K100000513
춘천여자고등학교,강원,K100000517
춘천한샘고등학교,강원,K100000516
충남고등학교,대전,G100000233
충남과학고등학교,충남,N100000254
충남기계공업고등학교,대전,G100000234
충남디자인예술고등학교,충남,N100000262
충남삼성고등학교,충남,N100002870
충남여자고등학교,대전,G100000236
충남예술고등학교,충남,N100000255
충남외국어고등학교,충남,N100002532
충남인터넷고등학교,충남,N100000256
충남조선공업고등학교,충남,N100000227
충남체육고등학교,충남,N100000257
충남해양과학고등학교,충남,N100000258
충렬고등학교,부산,C100000539
충렬여자고등학교,경남,S100000706
충무고등학교,경남,S100000708
충북고등학교,충북,M100000231
충북공업고등학교,충북,M100000232
충북과학고등학교,충북,M100000233
충북대학교사범대학부설고등학교,충북,A000003569
충북반도체고등학교,충북,M100000134
충북산업과학고등학교,충북,M100000179
충북상업정보고등학교,충북,M100000237
충북생명산업고등학교,충북,M100000156
충북에너지고등학교,충북,M100000150
충북여자고등학교,충북,M100000235
충북예술고등학교,충북,M100000236
충북전산기계고등학교,충북,M100000238
충북체육고등학교,충북,M100000240
충암고등학교,서울,B100000546
충원고등학교,충북,M100000241
충주고등학교,충북,M100000242
충주공업고등학교,충북,M100000244
충주대원고등학교,충북,M100000143
충주상업고등학교,충북,M100000246
충주여자고등학교,충북,M100000248
충주예성여자고등학교,충북,M100000250
충주중산고등학교,충북,M100000198
충현고등학교,경기,J100000820
충훈고등학교,경기,J100004898
치악고등학교,강원,K100003702
칠곡고등학교,경북,R100000974
칠보고등학교,전북,P100000448
칠성고등학교,대구,D100001851
칠원고등학교,경남,S100000710
태광고등학교,경기,J100000821
태릉고등학교,서울,B100000547
태백기계공업고등학교,강원,K100000521
태봉고등학교,경남,S100003447
태성고등학교,경기,J100000822
태안고등학교,충남,N100000259
태안여자고등학교,충남,N100000260
태원고등학교,경기,J100000823
태인고등학교,전북,P100000450
태장고등학교,경기,J100000824
토평고등학교,경기,J100000825
통영고등학교,경남,S100000714
통영여자고등학교,경남,S100000716
통진고등학교,경기,J100000826
퇴계원고등학교,경기,J100000827
파주고등학교,경기,J100000832
파주여자고등학교,경기,J100000831
판곡고등학교,경기,J100005910
판교고등학교,경기,J100005901
팔렬고등학교,강원,K100003746
평내고등학교,경기,J100004915
평창고등학교,강원,K100000522
평촌경영고등학교,경기,J100000836
평촌고등학교,경기,J100000834
평촌공업고등학교,경기,J100000835
평택고등학교,경기,J100000837
평택기계공업고등학교,경기,J100000838
평택여자고등학교,경기,J100000840
평해정보고등학교,경북,R100000980
포곡고등학교,경기,J100005660
포산고등학교,대구,D100000351
포은고등학교,경북,R100000774
포천고등학교,경기,J100000841
포천일고등학교,경기,J100000843
포항고등학교,경북,R100000982
포항과학기술고등학교,경북,R100000752
포항동성고등학교,경북,R100000991
포항여자고등학교,경북,R100000986
포항여자전자고등학교,경북,R100000988
포항영신고등학교,경북,R100000989
포항예술고등학교,경북,R100000990
포항이동고등학교,경북,R100006136
포항장성고등학교,경북,R100006138
포항제철고등학교,경북,R100000992
포항제철공업고등학교,경북,R100000993
포항중앙고등학교,경북,R100000994
포항중앙여자고등학교,경북,R100000995
포항해양과학고등학교,경북,R100005434
포항흥해공업고등학교,경북,R100001018
표선고등학교,제주,T100000146
푸른꿈고등학교,전북,P100000452
풍덕고등학교,경기,J100000844
풍동고등학교,경기,J100004912
풍무고등학교,경기,J100004919
풍문고등학교,서울,B100000548
풍산고등학교,경기,J100006541
풍산고등학교,경북,R100000999
풍생고등학교,경기,J100000847
풍암고등학교,광주,F100001119
풍양고등학교,경북,R100001000
하길고등학교,경기,J100007015
하나고등학교,서울,B100005616
하남경영고등학교,경기,J100000849
하남고등학교,경기,J100000848
하동고등학교,경남,S100000718
하동여자고등학교,경남,S100000719
하성고등학교,경기,J100000850
하양여자고등학교,경북,R100001001
하의고등학교,전남,Q100000318
하장고등학교,강원,K100000525
학남고등학교,대구,D100001661
학다리고등학교,전남,Q100000320
학산고등학교,충북,M100000254
학산고등학교,전북,P100000454
학산여자고등학교,부산,C100000542
학성고등학교,울산,H100000117
학성여자고등학교,울산,H100000119
학익고등학교,인천,E100000293
학익여자고등학교,인천,E100000294
한가람고등학교,서울,B100000549
한강미디어고등학교,서울,B100000550
한겨레고등학교,경기,J100005320
한광고등학교,서울,B100000551
한광고등학교,경기,J100000851
한광여자고등학교,경기,J100000852
한국게임과학고등학교,전북,P100002471
한국경마축산고등학교,전북,P100000457
한국과학영재학교,부산,A000005629
한국관광고등학교,경기,J100000853
한국교원대학교부설고등학교,충북,A000003533
한국도예고등학교,경기,J100000854
한국디지털미디어고등학교,경기,J100000855
한국마사고등학교,전북,P100002456
한국말산업고등학교,전남,Q100000193
한국문화영상고등학교,경기,J100000538
한국바둑고등학교,전남,Q100000310
한국바이오마이스터고등학교,충북,M100000205
한국뷰티고등학교,제주,T100000152
한국산림과학고등학교,경북,R100000972
한국삼육고등학교,서울,B100000552
한국생명과학고등학교,경북,R100000895
한국식품마이스터고등학교,충남,N100000270
한국애니메이션고등학교,경기,J100000856
한국외식과학고등학교,경기,J100000517
한국원자력마이스터고등학교,경북,R100000978
한국전통문화고등학교,전북,P100000456
한국조리과학고등학교,경기,J100000857
한국조형예술고등학교,부산,C100000447
한국주얼리고등학교,인천,E100000295
한국치즈과학고등학교,전북,P100000400
한국한방고등학교,전북,P100002635
한국항만물류고등학교,전남,Q100000314
한국호텔관광고등학교,충북,M100000139
한림고등학교,제주,T100000129
한림공업고등학교,제주,T100000148
한림디자인고등학교,충북,M100000249
한마음고등학교,충남,N100002527
한민고등학교,경기,J100006763
한밭고등학교,대전,G100000239
한백고등학교,경기,J100006811
한별고등학교,전북,P100000459
한빛고등학교,경기,J100006908
한빛고등학교,전남,Q100000321
한서고등학교,서울,B100000554
한성고등학교,서울,B100000555
한성과학고등학교,서울,B100000570
한성여자고등학교,서울,B100000556
한세사이버보안고등학교,서울,B100000662
한솔고등학교,세종,I100000071
한솔고등학교,경기,J100000858
한양공업고등학교,서울,B100000601
한양대학교사범대학부속고등학교,서울,B100000557
한얼고등학교,부산,C100000489
한영고등학교,서울,B100000558
한영고등학교,전남,Q100000322
한영외국어고등학교,서울,B100000576
한울고등학교,전남,Q100005464
한일고등학교,충남,N100000264
한일여자고등학교,경북,R100001003
한일여자고등학교,경남,S100000723
함덕고등학교,제주,T100000150
함백고등학교,강원,K100000529
함안고등학교,경남,S100000724
함양고등학교,경남,S100000731
함양제일고등학교,경남,S100000734
함열고등학교,전북,P100000460
함열여자고등학교,전북,P100000461
함월고등학교,울산,H100000546
함지고등학교,대구,D100001816
함창고등학교,경북,R100001004
함평고등학교,전남,Q100000323
함평골프고등학교,전남,Q100000324
함평여자고등학교,전남,Q100000326
함현고등학교,경기,J100000862
합덕여자고등학교,충남,N100000267
합덕제철고등학교,충남,N100000265
합천고등학교,경남,S100000736
합천여자고등학교,경남,S100000737
합포고등학교,경남,S100000740
해강고등학교,부산,C100001908
해남고등학교,전남,Q100000328
해남공업고등학교,전남,Q100000329
해동고등학교,부산,C100000549
해룡고등학교,전남,Q100000330
해리고등학교,전북,P100000463
해성고등학교,경남,S100000741
해성국제컨벤션고등학교,서울,B100000614
해성여자고등학교,서울,B100005536
해운대고등학교,부산,C100000550
해운대공업고등학교,부산,C100000551
해운대관광고등학교,부산,C100000552
해운대여자고등학교,부산,C100000553
행신고등학교,경기,J100000863
향남고등학교,경기,J100005663
향일고등학교,경기,J100005909
현대고등학교,서울,B100000559
현대고등학교,울산,H100000120
현대공업고등학교,울산,H100000123
현대청운고등학교,울산,H100000124
현도정보고등학교,충북,M100000257
현서고등학교,경북,R100001007
현암고등학교,경기,J100005415
현일고등학교,경북,R100001008
현천고등학교,강원,K100003910
현풍고등학교,대구,D100000356
현화고등학교,경기,J100005290
협성고등학교,대구,D100000358
형곡고등학교,경북,R100006291
형석고등학교,충북,M100000258
혜광고등학교,부산,C100000556
혜성여자고등학교,서울,B100000560
혜원여자고등학교,서울,B100000561
혜화여자고등학교,서울,B100000562
혜화여자고등학교,부산,C100000557
호계고등학교,울산,H100000614
호남고등학교,전북,P100000464
호남삼육고등학교,광주,F100000168
호남원예고등학교,전남,Q100000333
호남제일고등학교,전북,P100000465
호매실고등학교,경기,J100006542
호산고등학교,대구,D100001817
호서고등학교,충남,N100000269
호수돈여자고등학교,대전,G100000243
호원고등학교,경기,J100000865
호평고등학교,경기,J100005291
홍성고등학교,충남,N100000272
홍성공업고등학교,충남,N100000130
홍성여자고등학교,충남,N100000274
홍익대학교사범대학부속고등학교,서울,B100000563
홍익대학교사범대학부속여자고등학교,서울,B100000564
홍익디자인고등학교,서울,B100000615
홍익디자인고등학교,경기,J100000644
홍주고등학교,충남,N100000276
홍천고등학교,경기,J100005416
홍천고등학교,강원,K100000530
홍천농업고등학교,강원,K100000531
홍천여자고등학교,강원,K100000532
화곡고등학교,서울,B100000565
화곡보건경영고등학교,서울,B100000655
화령고등학교,경북,R100001012
화명고등학교,부산,C100000558
화봉고등학교,울산,H100000688
화성고등학교,경기,J100000867
화성반월고등학교,경기,J100006700
화수고등학교,경기,J100000868
화순고등학교,전남,Q100000334
화순이양고등학교,전남,Q100000336
화암고등학교,울산,H100000126
화원고등학교,대구,D100000360
화원고등학교,전남,Q100000337
화정고등학교,경기,J100000869
화천고등학교,강원,K100000534
화천정보산업고등학교,강원,K100000536
화홍고등학교,경기,J100000870
환일고등학교,서울,B100000566
황간고등학교,충북,M100000259
황지고등학교,강원,K100000539
황지정보산업고등학교,강원,K100000544
횡성고등학교,강원,K100000546
횡성여자고등학교,강원,K100000548
효령고등학교,경북,R100001014
효명고등학교,경기,J100000871
효문고등학교,서울,B100005288
효성고등학교,경기,J100000872
효성여자고등학교,대구,D100000362
효암고등학교,경남,S100000747
효양고등학교,경기,J100004917
효원고등학교,경기,J100000873
효자고등학교,경기,J100005417
효정고등학교,울산,H100000128
효청보건고등학교,경북,R100000977
후포고등학교,경북,R100001016
휘경공업고등학교,서울,B100000602
휘경여자고등학교,서울,B100000567
휘문고등학교,서울,B100000568
휘봉고등학교,서울,B100005573
흥덕고등학교,경기,J100005677
흥덕고등학교,충북,M100001839
흥진고등학교,경기,J100000874
강릉제일고등학교 부설 방송통신고등학교,강원,K100003159
묵호고등학교 부설 방송통신고등학교,강원,K100000408
설악고등학교 부설 방송통신고등학교,강원,K100000445
원주고등학교 부설 방송통신고등학교,강원,K100000467
춘천고등학교 부설 방송통신고등학교,강원,K100000511
춘천여자고등학교 부설 방송통신고등학교,강원,K100000518
황지고등학교 부설 방송통신고등학교,강원,K100000540
상동고등학교 부설 방송통신고등학교,경기,J100006965
서현고등학교 부설 방송통신고등학교,경기,J100006964
수성고등학교 부설 방송통신고등학교,경기,J100000642
수원여자고등학교 부설 방송통신고등학교,경기,J100000650
호원고등학교 부설 방송통신고등학교,경기,J100005822
마산고등학교 부설 방송통신고등학교,경남,S100000547
진주고등학교 부설 방송통신고등학교,경남,S100000661
구미고등학교 부설 방송통신고등학교,경북,R100000754
김천중앙고등학교 부설 방송통신고등학교,경북,R100000784
안동고등학교 부설 방송통신고등학교,경북,R100000892
포항고등학교 부설 방송통신고등학교,경북,R100000983
광주고등학교 부설 방송통신고등학교,광주,F100000095
전남여자고등학교 부설 방송통신고등학교,광주,F100000162
대구고등학교 부설 방송통신고등학교,대구,D100000285
대전고등학교 부설 방송통신고등학교,대전,G100000175
대전여자고등학교 부설 방송통신고등학교,대전,G100000195
경남여자고등학교 부설 방송통신고등학교,부산,C100000347
동래고등학교 부설 방송통신고등학교,부산,C100000395
경기여자고등학교 부설 방송통신고등학교,서울,B100002525
경동고등학교 부설 방송통신고등학교,서울,B100002501
경복고등학교 부설 방송통신고등학교,서울,B100002502
수도여자고등학교 부설 방송통신고등학교,서울,B100002503
영등포고등학교 부설 방송통신고등학교,서울,B100002504
학성고등학교 부설 방송통신고등학교,울산,H100000118
인천여자고등학교 부설 방송통신고등학교,인천,E100000270
제물포고등학교 부설 방송통신고등학교,인천,E100000290
목포고등학교 부설 방송통신고등학교,전남,Q100000197
순천고등학교 부설 방송통신고등학교,전남,Q100000243
전주고등학교 부설 방송통신고등학교,전북,P100000415
전주여자고등학교 부설 방송통신고등학교,전북,P100000427
제주제일고등학교 부설 방송통신고등학교,제주,T100000155
천안중앙고등학교 부설 방송통신고등학교,충남,N100000247
홍성고등학교 부설 방송통신고등학교,충남,N100000273
청주고등학교 부설 방송통신고등학교,충북,M100000213
충주고등학교 부설 방송통신고등학교,충북,M100000243
